{"cameraMode":{"drawMode":0,"name":"Shaded","section":"Shading Mode"},"sceneLighting":true,"audioPlay":false,"sceneViewState":{"m_AlwaysRefresh":false,"showFog":true,"showSkybox":true,"showFlares":true,"showImageEffects":true,"showParticleSystems":true,"showVisualEffectGraphs":true,"m_FxEnabled":true},"in2DMode":false,"pivot":{"x":119.32463073730469,"y":-30.40667152404785,"z":-110.26471710205078},"rotation":{"x":-0.05025182664394379,"y":-0.9305022954940796,"z":0.13948751986026765,"w":-0.33499598503112795},"size":93.42706298828125,"orthographic":false}